ASSET,LIBITY,CASSET,CLIBITY,CASH,SREVENUE,SPROFIT,NPROFIT,RECEIVAB,MAINCOST,INVENTRY,LOAN,INTEREST,RATING
15473357109,10599249620,6835456300,3197114093,2039101628,16418983514,4895354299,745486545.1,88736798.81,11523629215,2860090875,3636875593,185283367.2,1
56806124868,39707481283,20854137163,16683309730,12897893402,3511169399,1814889706,759829620.6,2265957256,1696279693,869261518.4,1561541284,77004092.84,1
8345340698,5833393148,804786853.9,643829483.1,767512726,2031875812,1407197365,870933606.6,0,624678447,215753526.4,462385321.1,22801550.33,1
7926957409,4439096149,1679504514,2362389100,417219446,1187910369,553308886,128427873,1136381646,634601483,26678392,2764960000,136348131.6,1
95964278641,65735530869,32481512609,30897045061,3929240019,21662338361,2408889506,914591276.7,2869012925,19253448855,6586292018,17658773773,899639534.4,1
63298625653,43359558572,8042116432,14612584285,1901061985,26831850371,5915799870,3175083354,3269928408,20916050501,1540904511,23628755446,1203784749,1
7873401080,5393279740,569967458,2341210001,559345520.4,891033214.7,578046030.8,355575353.4,0,312987183.9,26165371.25,1211009174,61695774.79,1
24324237260,16662102523,10417376370,7579921246,2737956678,17533132065,1162658794,766749233.4,53071261.65,16370473270,4213021398,4756771134,242337289.3,1
813772856.3,290952365.2,478344817.4,290797158.4,84184964.01,596397898,41631509.02,7056628.23,61360645.2,244226396.9,144226396.9,70919697.5,2873909.929,3
17076520570,11697416591,2196964182,1447595936,708840404.6,1102394021,696729093,577633683.3,1136930349,405664928.3,23847503.12,829270742.2,40893725.87,1
2581233724,1445490885,570160787.5,262461394.5,366084176.5,265354651,158535443,74560314.5,17375903.5,106819208,6698860.5,26410000,1345477.348,1
5297879197,3703217559,1204566617,963653293.9,658303824.9,122528120.4,47948267.89,52955668.4,48586719.63,74579852.48,6435277.6,1119267903,57021946.6,1
11064166667,7578954167,5348188180,4133167267,1342093699,10562217160,874044860.4,397475635,107756005,9688172299,1874057539,1841786651,93831208.57,1
2568159185,1684903620,670937662.1,1129243620,98332199.28,392551435.1,21380761.08,15770313.72,149349795.8,329052633.8,156892885.4,688715288.1,27909110.93,4
5582309560,3823882049,1215668563,1306734711,959508895.3,313934310.7,170784687.3,321027872.7,20514074.67,143149623.3,20217982,1078479557,54943953.6,2
8440210924,5781544483,1625107381,859295146.8,1015310545,539372477.1,340380959.4,159784493.9,69038390.64,198991517.6,16959259.82,87225688.07,4301349.602,1
32303579970,22580202399,11982017333,9442057323,6444928854,5123567322,3053504398,1313903327,1249252373,2070062924,283582574.3,1058580892,53930201.09,1
10538739757,7219036734,1346309312,505811844.8,548197899.1,2951326418,1794856416,1529401725,553749295,1156470002,15681105.69,2388445.872,121681.1744,1
2060896394,1375038292,532490208,1054038292,66037701,1267476578,51957871,16556620,120861659,1081247552,154403699,575800304,23333407.63,4
1550329102,868184297.1,724363469,705131162.5,132913033.5,152979372.5,14997108,11690860,190695380.5,137982264.5,65125068.5,510824.5,26024.33902,1
793711463.7,271769481.5,416828124.2,271614274.7,67770709.83,210867765.2,18131668.12,1546603.686,39678171.42,274850883.8,174850883.8,68421103.93,2772658.329,3
10213823512,5719741167,1049775941,999982056,234786258.5,20250513424,15992219789,89319379.37,448340109.3,4258293635,173564608.1,5084600000,259038777.9,1
9142650032,6262715272,2343504111,1555933229,863716556.1,12015883919,2863931659,1398128555,122613868.9,9151952260,610962479.2,1351837038,68870356.4,2
4131991540,2888262087,614601655.9,491681324.7,181309328.6,483924835.8,170701871.1,92889266.2,201838872.2,313222964.7,186602422.4,2401365138,118418223,1
13433411309,9389954505,3888564887,3110851910,1651772229,1093296035,481747938.9,392738077.7,214442954.4,611548096.3,39717454.4,2236335247,110280124.3,2
8599285359,6010900466,538433250.9,430746600.7,516263758.7,1600384313,1076570319,692331980,0,523813994.4,12212331.2,1631559633,80456899.03,1
3894115564,2180704716,685459568,646154657,356997059,562577398,215768894,117223064,0,346808504,60993037,918700000,45303739.84,1
584752858.8,171768955.4,330815971.6,171645775.4,71069232.32,859852732.7,47894897.69,4697091.548,25111858.3,173345687.3,17334567.32,37487780,1519133.71,5
2549938554,1568882587,1447518691,1568882587,250083063.8,356261521.2,12915660.33,15913582.32,295052980.1,294244512.8,95016156.7,427024000,17304480.38,3
5626807283,4141330160,1083404921,572863431.2,676873696.5,359581651.4,226920639.6,106522996,46025593.76,132661011.7,11306173.21,58150458.72,2962518.931,1
55950929627,39109699809,17546496450,14037197160,9736333359,11894854222,6108899872,2718066426,2622064715,5785954350,809037883.2,4067323418,200571418.3,1
5755407378,3942454054,502991783.7,772998161.3,479695453.8,1269922383,879498353.4,544333504.1,0,390424029.4,23662020.39,288990825.7,14722855.35,1
13399935186,7503963704,6477250129,5005724801,1625424591,12792018560,1058565442,481387158,130504495,11733453118,2269691908,2230608277,109997711,1
78353275680,53671993841,26067671453,24897600844,16122366753,4388961749,2268612132,949787025.7,2832446570,2120349617,1078497594,1951926606,96255116.05,1
2239470864,960932515.2,1273441266,931791804.5,288747105.9,2119764991,553972213,126226658.2,381343763.5,1554082776,275542886.1,234591500,9506453.988,5
6605335357,4524654719,1519593024,2756862296,399937424.9,1471837739,704761400.6,181074208.6,1007949620,767076338.8,22009788.99,1187042202,60474759.32,1
9572688613,5360705623,1222897625,459445759,497946425,2680788163,1630327911,1389206567,502988943,1050460252,14243671,2169505,106984.5326,1
5991429140,4188008969,1092924762,874339809.8,637911904.3,827642808.7,536235260,223233985.3,59341969.32,291407548.6,57111026.6,69780550.46,3441079.682,2
7999795043,6879823737,1840395996,3338866558,484368659,1782559040,853544363,219300986,1220738984,929014677,26656300,1437640000,70894164.08,2
6017594733,2643451850,5412436558,2360106725,393946459.2,3719615441,61608299.76,43979746.86,693790956.2,3122429071,1670701789,261491548.5,10596536.42,3
18594037401,10412660945,7982700775,3604353062,1762124247,4371790587,178831721,119817253,53858082,4192958866,3154552023,4401136440,217032698.7,1
6275251351,4386400694,5111136179,4088908943,2448220892,4849904583,769725751.7,204083684.3,677154159.4,4080178831,64107909.6,535965902.1,27305186.69,1
3520326510,2411423659,1590257204,1694596733,255400268.3,699336922.6,61248950.09,44609744.59,349260668.3,638087972.5,384173157.8,6452818.349,328743.6925,1
9428505326,6590525223,762229536.4,609783629.2,727058907.7,540089517.8,377595958.5,230795710.7,0,162493559.3,11394936.8,1519266055,74919379.67,1
8996648318,6495580086,1324393617,1093476284,349195181.3,1160993564,730669671.7,616308198.4,617518129.5,430323892,12604470.28,477903600,24347158.97,2
5754022723,3222252725,257925620,972775346,207451209,594896686,383024666,173508427,9079357,211872020,8735284,650000000,32053369.86,1
2037309544,1252836402,1156675310,1252836402,225566473,522772347.3,7571037.428,19703930.01,230718365.5,434736187.2,210005647.5,298571000,12099123.26,3
83115433446,56934071910,9541357129,21202931632,2161392747,16399912343,3493621385,1640023307,3830250502,12906290958,1867126256,33403397969,1701761276,1
4788363239,3280028819,271709372,1301619539,260521989.3,807601343.3,543269281.3,349371230.7,0,264332062,17359920.67,823333333.3,41945336.99,1
8655519105,5929030587,6388920224,4615329938,3060276115,6062380728,962157189.6,255104605.3,846442699.3,5100223539,1364351912,669957377.6,34131483.36,1
24343945769,18574430621,7116366460,5749078191,2523221002,5529431817,290780685.3,164669744.7,5007612.667,5238651131,3439578085,5030598903,256287651.3,1
990955743.1,354301467.7,582494906.7,354112467.7,102514568.9,726251702.4,50695943.76,8593068.96,74720707.74,297401847.1,200001847.1,86361053.94,3499646.772,3
5698928689,3419357213,672022104.5,706103506,97206059.5,1081601215,677909367.5,580224335.5,416068625.5,403691847,7955797,480336515.5,24471105.68,1
18358046268,12575261694,4858839439,4432138535,2176597333,803568718.9,410328366.6,282882633,236459602.6,393240352.3,154370389.5,2763810877,136291465,1
15627162823,10704606534,2108451458,2964498216,590817352,1098024597,951150580.1,35208950.83,789510108.5,146874016.9,51697087.87,7560679649,385184521.1,1
1725620988,1035372593,232609654.5,284254478.5,68620544.5,183152108,64605916.5,35156007,76390406.5,118546191.5,28103066.5,908850000,46302048,1
6893854601,4722290401,886922577.3,584399840.7,286161496.7,445040549.3,281272115.3,233192857.3,458982992.7,163768434,9627325.333,334779670,17055602.52,1
1597687180,894704820.5,857718829.5,750368607.5,234789408.5,495016417.5,45031287.5,30678396,208484493.5,449985130,184607115.5,9877320,503207.5092,1
11810101621,8089919610,854951187,3511815001,839018280.6,1336549822,867069046.2,533363030.1,0,469480775.8,39248050.87,1816513761,89577519.17,1
11460879486,8011154761,1615571174,1292456939,657837478.9,3541591702,2153827699,1835282070,664499154.1,1387764003,66988227.2,2866135.046,141337.3642,1
1021772055,699913857.3,127604619,237817833,55347919,282520490.5,107101761.5,62054219,0,175418729,18127071.5,515350000,26254894.03,1
2300827984,1576067169,310146206,379005971.3,91494059.33,244202810.7,86141222,46874676,101853875.3,158061588.7,37470755.33,1211800000,61736064,1
20470499891,14022292425,8788294431,3968095114,1939953299,4812980463,196878958.9,131908902.4,59293301.28,4616101504,3472901310,4845287824,246846838.7,1
36515918653,20448914446,10674549690,8623617287,3784831503,8294147725,436171028,247004617,7511419,7857976697,5159367127,7545898355,372109955.3,2
3799532451,2655873183,512168046.6,625881420.6,151091107.2,403270696.5,142251559.3,77407721.83,168199060.2,261019137.2,61878311.56,2001137615,101949463.5,1
6699967593,4019980556,3238625065,2502862401,812712295.5,6396009280,529282721,240693579,65252247.5,5866726559,1134845954,1115304139,56820009.63,1
14752222223,10746993890,7130917573,5510889689,1789458265,14082956213,1165393147,529967513.4,143674673.4,12917563066,2498743385,2455715534,125108278.1,2
97465151750,54580484980,12195215024,22277407569,3154959987,10107733081,2313098514,1093611831,5405627533,7794634567,2336576898,36632890656,1806473221,1
9630532774,6731742409,2265119658,1812095726,673692583,779058978.9,377431307,94807573.43,1429555840,401627671.9,253555400.7,3751028257,184973994,1
18195029319,10917017591,4682836105,4811732211,1397252259,9365610579,1204870152,654872548.5,2747179,8160740427,2712323409,3948755027,201172299.9,1
2556236909,1431492669,473377979.5,253786391.5,274844400,68237540.5,49357531.5,24547518,18746740.5,18880009,5219607,25910000,1320004.471,1
12617487020,8642978609,1702379325,2393557819,477030306.5,886553193.2,767966025.2,28427967.71,637456309.8,118587168,11296167.25,6104548753,311000835.6,2
3060448776,2139253694,625380083,500304066.4,363097189,90148677.36,65206280.15,32429748.55,24766336.07,24942397.21,11820809.2,34229724.77,1743859.118,1
1.18855E+11,81415565756,40229396351,38266982415,4866489931,26829501639,2983487003,1132750664,3553364631,23846014637,781187361.7,21870958342,1114232451,1
12190200043,8350287029,3124672148,2074577639,1151622075,16021178559,3818575546,1864171407,163485158.5,12202603013,814616638.9,1802449384,91827141.87,1
11996551595,6718068893,4942763313,3663807454,1268975713,3453860254,185130438,86927599,23853418,3268729816,2233253028,1712445048,84445591.53,1
7875150042,4410084024,576965413,1662205945,550343201,408817760,285819163,174699531,0,122998597,21270160,1150000000,56709808.22,1
3451241976,1932695507,465219309,568508957,137241089,366304216,129211833,70312014,152780813,237092383,56206133,1817700000,89636016,1
3409887778,2383511556,402962201.8,322369761.5,386304440.4,514020550.5,322861211,196369038.8,2613798.165,191159339.4,22596615.6,429357798.2,21873956.52,1
1.56701E+11,1.09534E+11,52350398933,56447754405,4955181718,78307512919,11708427148,4831447806,5719913796,66599085772,29373508155,30003656190,1528558870,1
4745265788,3316940786,1109397477,887517981.7,275594496.4,784674739.2,365488438.5,84833090.42,750637417.5,419186300.7,114761268.6,1826395596,93047099.71,1
1612884395,1104825810,152157200,210899550.7,38646724.67,396038553.3,117629688.7,101824173.3,42546110.67,278408864.7,30428382.67,845133333.3,43055954.41,1
499205294.4,170169626.1,1237821932,170084087.8,66279235.58,511129670.3,27599526.58,2879734.356,74610378.34,129553460.4,129553460.4,33794300,1369461.204,5
13646058604,9538594964,1775618038,1420494430,256838028.8,2857808714,1791173375,1533069804,1099337286,1066635339,506727504,1269146023,62585241.34,1
12380477414,8653953712,1757571346,1406057077,567072323.7,881915217,557383274.4,462106946.6,909544279,324531942.6,87469575.2,663416593.8,32714980.7,2
18528843186,12692257582,4860706109,4287819726,2064715286,1366620044,602184923.7,490922597.1,268053693,764435120.4,147075392.5,2795419059,137850155.4,2
12228476774,8547705265,1386859958,1109487967,310176341.5,2675297186,649661558.3,117999914,592302529.7,2025635628,1344749259,6717269725,342216367.1,1
516083459.2,184517954.8,303359649,184419524.8,53388936.62,378227275.5,26402125.63,4475215.755,38914070.17,154884993.7,104884993.7,44976288.57,1822593.819,5
11072765039,8415301430,2838243868,1884408022,1046056718,14552570524,3468539454,1693289028,148499019,11084031070,739943447,1637224857,80736267.52,2
631446213,487063442,172546979,487063442,4314575,322554593,-163766158,-163609086,41089634,311283224,51302110,107486355,4355716.589,3
51449130691,35962942353,14622080375,13651870526,8113611132,9912378519,5090749894,2265055355,2185053929,4821628625,748517651,3389436182,172677380,1
7263960494,4975812938,1069325217,882880851.3,281942776,937394803.3,589948105.3,497611804.7,498588712,347446698,10176942.67,385862906.7,19658076.5,1
5696211000,3189878160,610040000,923336000,584822000,778170000,488776000,297280906,3957000,289394000,7492000,650000000,32053369.86,1
2439155568,1649284638,687357814.5,1169224638,113758477.6,1244518863,43957757.34,34227287.64,139415417.8,1060902855,180038050.9,916020000,37120279.22,4
14238008736,7973284892,7076150215,6069992616,1607527776,8245037746,709686443,307606700,346283867,7535351303,3018300122,2147893593,105918811.9,1
20836217098,14272808712,2811268611,3952664289,787756469.4,1464032796,413712578.8,46945267.77,1052680145,1050320217,348929450.5,10080906198,513579361.5,1
10340781901,5790837865,1330383866,876599761,429242245,667560824,421908173,349789286,688474489,245652651,14440988,502169505,24763422.89,1
10482795360,5870365402,7737692271,5589677369,3706334406,7342216660,1165279263,308960022,1025136158,6176937397,1652381760,811392824,40012114.3,1
2419326592,1354822892,228235800,316349326,57970087,594057830,176444533,152736260,63819166,417613297,45642574,1267700000,62513933.81,1
2071257600,1213503694,1163917289,1213503694,186480159.5,1073824653,49776841.72,61141533.43,255763064,878789742.4,601512189.6,329149920,13338286.21,3
8479434433,5808412587,6213340627,4522466227,3015402487,2076496137,340171947.2,82424869.27,797326657.4,1736324190,1232364308,837597137.6,42672017.24,2
11305912578,8321151657,8284454169,6029954969,4020536649,2768661516,453562596.3,109899825.7,1063102210,2315098920,1643152410,1116796183,56896022.99,2
10729679387,7897044029,7734091449,5587265795,3860222983,9689238067,1452681146,433634554.1,648478354.1,8236556921,1689178314,1184424815,60341414.56,2
8641249558,5919255947,1521868209,1358931966,218442420.8,3971967301,1122215621,589541902,107577215.5,2849751680,692131921.9,1571308609,80051500.93,1
2.42669E+11,1.66228E+11,83136971494,85841352301,7421692208,1.86987E+11,32396624161,15019249817,8179141936,1.5459E+11,47655000918,50484223617,2489522295,2
3131476807,1538950389,1752539552,1495909164,549029924.6,3775408694,991397815,197643504,487412936.7,2763467825,416562403.1,589457360,23886838.49,3
6913869639,4736000702,1505644551,1618432899,1188382577,388817724.2,211522319.2,397603328.5,25407340.18,177295405,25040619.91,1335731562,68049850.79,1
7480162619,5123911394,1962285059,1731008704,833533208,551709573.3,243104284,198187270.7,108214268.7,308605289.3,59374880.67,1128521027,57493353.99,1
15352874918,10516719319,6591220823,2976071336,1454964975,3609735347,147659219.2,98931676.79,44469975.96,3462076128,2604675982,3633965868,185135129.1,1
6900714000,4726989090,1275096000,1029938667,64332000,6438057333,1624206000,834398666.7,86810666.67,4813851333,607089333.3,1135493333,57848563.38,1
5745645000,3217561200,572151000,951943000,537285000,198467000,129654000,60362000,4989000,68813000,8152000,650000000,32053369.86,2
3836015149,2926879558,171950413.3,648516897.3,138300806,396597790.7,255349777.3,115672284.7,6052904.667,141248013.3,5823522.667,433333333.3,22076493.15,2
4281161837,2992532124,341980474.8,273584379.8,335607312.2,534619928.8,346827618.5,213345212,0,187792310.3,5776395.2,726605504.6,37017464.87,1
60301517042,41306539174,17627696736,14240835887,6250180464,13696757711,720282431.6,407897532.7,12404178.17,12976475279,8520055806,12461116550,614493504.1,1
18926230530,10598689097,2553568988,1590336728,715545459,13298297897,11519490366,42641951.56,956184464.7,1778807531,316944250.9,9156823130,451549290.1,2
63895204457,43768215053,16733190907,16905663603,5399412581,50049034380,7758064798,4319208347,30701845.32,42290969582,8763013551,14148656774,697710967.1,1
10269537258,5750940864,7525045870,5477209097,3651987456,2514867544,411986025,99825675,965651174,2102881519,1492530106,1014423200,50024126.2,2
4299642679,3052746302,269216625.5,215373300.4,258131879.3,800192156.7,538285159.5,346165990,0,261906997.2,6106165.6,815779816.5,41560517.38,2
2013942664,1379550725,936155076.7,916396399.3,130876951.3,827581088.7,79551518.67,50094140,200379261.3,748029570,205566516.7,4824307.333,245777.9718,1
30362184707,20798096524,10199485477,8187032820,4080481416,33643513977,6817551547,3983854427,92979927.25,26825962430,4967412270,5718894705,291353399.5,1
6545194191,4483458021,1386746846,1950596505,344493120.6,980843423.9,456860548.1,106041363,938296771.9,523982875.9,22028030.09,2282994495,116308874.6,1
6628421273,4633266470,1874803289,1499842631,690973244.9,9612707135,2291145327,1118502844,98091095.12,7321561808,139582914,1081469630,55096285.12,1
20427647024,13482247036,2099551881,1999964112,469572517,40501026847,31984439577,178638758.7,896680218.6,8516587270,347129216.2,10169200000,501472505.9,1
2.3771E+11,1.62831E+11,80458792702,76533964831,9732979863,53659003279,5966974006,2265501328,7106729263,47692029273,3562374723,43741916685,2157039745,1
31155306919,21341385239,8854482005,8266966041,4913242297,6002495881,3082731880,1371616854,1323171546,2919764001,453269022,2052491910,104565746.8,1
46732960378,26170457812,13281723007,12400449061,7369863445,9003743821,4624097820,2057425281,1984757319,4379646001,679903533,3078737865,151821420.8,1
4262587800,2919872643,941549924.3,433422486.3,604542676.8,438200341.1,261801649,123127124.9,28694152.57,176398692.1,11062338.44,43612844.04,2221889.198,1
9179023134,6287630847,2429419720,2216069268,1088298666,401784359.4,205164183.3,141441316.5,118229801.3,196620176.1,77185194.77,1381905438,70402213.72,2
4775868836,2097977659,3519230110,1873100575,312655920,2952075747,48895476,34904561,550627743,2478118310,1326009356,207532975,8409949.542,5
3561988680,1513422058,2239134420,1483985148,618539658.7,2186905524,549447109.5,134876468.2,576679134.8,1626146064,452596289.7,444926160,18029937.44,3
6986827124,3659165671,598495026.8,3376072545,867056339.5,12805924695,195731948.2,129024845.5,526961906.1,10741734511,2636518879,324403348.5,13145938.82,3
37563555153,25731035280,12894090446,11290394182,7846706927,9074648110,4619544644,1797608524,1267413205,4455103465,567460980.8,813302752.3,41434321.48,1
5241397680,3144838608,3868846136,2794838685,1853167203,3671108330,582639631.5,154480011,512568079,3088468699,826190880,405696412,20668509.37,1
11995531091,8216938797,1765858156,1457968378,465593575,1547991418,974226229,821744264.6,823357506.1,573765189.4,16805960.37,637204800,32462878.62,1
3218954787,1444865318,2309318798,1264495897,304133381.7,3694176567,52437901.36,35785933.28,422120500.7,3112572735,851540947.5,168980014.2,6847651.044,4
767084429,262652295,462297545,262502295,65497172,203793679,17523396,1494719,38347068,265630324,265630324,66125747,2679642.576,4
6532645474,4984408497,4715435007,3345112166,2434261120,3259977499,525070758,149882790,621691143.3,2734906741,922272920,536825530,27348981.08,2
5900064700,4041544320,1215720012,1427341686,664399230.7,123662640,48392233.33,53445998.67,49036596.67,75270406.67,51696367.33,1129631495,57549927.59,1
5250100028,3596318519,384643608.7,1108137297,366895467.3,272545173.3,190546108.7,116466354,0,81999064.67,14180101.67,766666666.7,39058410.96,1
12493303147,8932711750,5518998049,2581373601,1646385759,13256808911,3952545323,601911358.7,71646748.67,9304263589,2309258558,2936440293,149599163.1,2
2502167725,1401213926,413641663.5,222868411.5,241431936,313239813,202950150.5,84487862.5,22459287,110289662.5,6361804.5,26410000,1345477.348,2
4804750094,2361273124,534222313.4,2295233252,842398569.2,5792760539,1521141314,303252332,747857160.5,4240099196,639148353.5,904428000,36650531.53,3
7411211271,5076679721,1961531477,1789270742,878700404.7,324403668,165651081.3,114200766.7,95459617.33,158752586.7,62319898,1115760687,56843268.86,1
13004834932,8908311928,952786920.6,2744927249,908823634.7,675111897.2,471994948.1,288494638.3,0,203116949.2,35125031.49,1899082569,93649224.58,1
3442492868,1462650533,1940629787,1434201157,597789200,2113540313,531014533,130351700,557332992,1571592930,437412816,430000000,17425078.13,3
45493639019,25476437851,15616176207,13673921843,9503233945,10990407155,5594781847,2177103657,1534978215,5395625308,687258299,985000000,48573183.56,1
69686608811,47735327036,8119988238,16731186906,2441350715,20967166210,4678214257,2303129820,3290693469,16288951953,1448728270,28308018563,1442173334,1
8669889954,5938874619,635191280.4,1829951499,605882423.1,450074598.2,314663298.7,192329758.9,0,135411299.4,23416680.99,1266055046,64500128.19,1
3999897522,2239942612,920197998,1669433279,242184329.5,891279520,426772181.5,109650493,610369492,464507338.5,13328150,718820000,36620826.48,2
787158958.5,268327574.1,1951827502,268192695.2,104510698.6,805961602.2,43519599.74,4540834.647,117647445.6,204283023.6,104283023.6,53287668,2159399.484,3
25794730688,19681379515,6755251144,6824879010,2179762857,20204980546,3131959493,1743680407,12394448.67,17073021053,3537661026,5711865142,290995273.1,2
2555508308,1431084652,492046401.5,260175475,307413470.5,163310000,103059790.5,48379194,20903290.5,60250209.5,5134887,26410000,1345477.348,1
7262793815,3784477135,4539879163,3435525701,639765161.3,10680811280,166524334.2,111541875.5,911383977.4,9036803627,2572872908,324453748.5,13147981.2,3
6970437824,3903445181,609178938,936186662,580964494,1538017108,1065170228,659248355,0,472846880,28657340,350000000,17259506.85,1
4788868134,3347418825,1215674419,972539535.5,319949939.9,1177470192,563809120.5,144859366.9,806359695.9,613661071,138851686.5,949633761.5,48379807.46,1
8546755872,5854527772,1579247339,1275612110,79677247.71,7973740734,2011631284,1033429541,107517798.2,5962109450,751899633,1406344954,71647303.26,1
12957055324,8875582897,2368284275,3852857058,620264318.5,3549316351,1590755638,415342331,1578750346,1958560714,49882447.16,4769216574,235183788.9,1
11116816907,6225417468,2942297216,2683906113,1318050607,486605502,248476622,171301150,143189426,238128880,93479847,1673641031,82532053.82,1
2802580727,1202556814,1549069446,1166088738,361351910.1,2652775085,693267268,157966064.8,477231787,1944853362,344827519.2,293579000,11896830.26,5
5230811223,3991108963,956085133.3,1555412664,250403002.7,1432872157,642193942.7,167675237.3,637347362,790678214,20137728.67,1925350395,98088426.46,2
9905409574,7528111276,4081180717,3025162118,1047778112,2851811219,152859994.7,71775081.74,19695482.75,2698951224,1843970390,1413945452,72034516.38,2
12238697512,8383507796,3239226293,2954759023,1451064888,535712479.3,273552244.4,188588422,157639735,262160234.9,102913593,1842540585,93869618.3,1
4553636853,2384846706,3527534049,2200341884,565100528.6,8346210603,127567520.5,84091431.03,343445331.2,7000882842,1718340717,211428595.1,8567813.458,3
3591272430,2154763458,203782029,976214654.5,195391492,605701007.5,407451961,262028423,0,198249046.5,11301994.5,617500000,31459002.74,2
4186732170,2512039302,911751422.5,980051033,719631671.5,235450733,128088515.5,240770904.5,15385556,107362217.5,15163486.5,808859668,41207965.2,1
1.1669E+11,81566260643,16111109756,12888887805,4168020533,13353335446,3055836569,1444771593,7141379493,10297498878,524261578.4,48395745454,2386533429,1
2078716327,1369053230,545522075,1123053230,59618122,606700720,32167288,22097162,121267781,510267033,191194233,717035607,29056747.61,5
1.58473E+11,1.10773E+11,53639195135,51022643221,6488653242,35772668852,3977982670,1510334218,4737819509,31794686182,841583149,29161277790,1485643268,1
3100658204,1736368594,1448726938,1410262325,265826067,305958745,29994216,23381720,381390761,275964529,90250137,1021649,50380.45118,1
6104503969,3662702381,2468845858,1948052520,958565471.5,9485485629,690500077.5,503209601,70771244,8794985552,1175899357,889616151,45322165.07,1
1065124786,729610478.6,571812553,500245738.3,156526272.3,330010945,30020858.33,20452264,138989662.3,299990086.7,123071410.3,6584880,335471.6728,1
8726925588,6423017233,1848995795,2600795339,459324160.7,1307791232,609147397.4,141388484,1251062363,698643834.5,29370706.79,3043992661,155078499.5,2
1.7234E+11,1.20465E+11,64367034162,51493627329,7786383890,42927202623,-55226420795,1812401062,5685383410,98153623418,6112292587,34993533348,1725631796,1
5284638273,3963478705,1119669676,1574926067,278146297.3,791940246,368872590.7,85618582,757587764,423067655.3,17785594.67,1843306667,93908646.93,2
1997609113,1368362242,188451578,261205865.5,47865209.45,490506465.1,145688146.5,126112508.3,52694724.22,344818318.6,37686528.99,1046724771,53326182.07,1
5075725610,2278298512,3641389626,1993887655,479564857.7,5825066784,82685348.67,56428123.43,665609795.1,4907979823,1342730321,266451765.4,10797541.46,3
13226304010,9245186503,6250425822,5000340658,1642774007,10519879239,697595276.5,460049540,31842756.99,9822283962,522472168,2854062680,145402373.6,1
2848105500,1708863300,305020000,461668000,292411000,389085000,244388000,148640453,1978500,144697000,3746000,325000000,16557369.86,1
3444495254,2407702182,170372886.6,136298309.3,137031991.3,392959278.8,253007118.8,114611071,5997373.431,139952160,10671356.8,429357798.2,21873956.52,2
80475813372,55125932160,10069443598,18394189736,2605012833,8345834654,1909897856,902982245.8,4463362183,6435936798,1929283677,30247340909,1540973572,1
6180864113,2774352790,4434229939,2428017115,583980586.6,7093359455,100688442.1,68714227.26,810533116.3,5976595011,1635083197,324466348.5,13148491.79,3
1808391177,1264065432,927566498,742053198.4,129676245.4,819988601.6,78821688.22,49634560.73,198540919.5,741166913.4,543922826.4,4780047.633,243523.1281,1
3977117610,2330104624,2234891473,2330104624,358069187.7,2061900432,95578818.3,117400689,491102500.1,1687404870,1154991403,632016000,25611460.88,4
5679990826,3180794863,383392414,953743128,344481602,396205146,258985185,118496796,6634028,137219961,8354386,650000000,32053369.86,1
4608576782,2183594053,2688991519,2147403985,826803966.2,1439960764,358126759.6,83791605.24,740508667.9,1074437799,517944456.5,848610000,34388594.3,3
3786660551,2889222000,255594942.7,635828752,229654401.3,264136764,172656790,78997864,4422685.333,91479974,5569590.667,433333333.3,22076493.15,2
7904054818,5706727579,1009731984,379358883.6,411148424.3,2213494813,1346142312,1147051294,415311971.3,867352501.7,11760829.27,1791334.404,91260.88083,2
4220105462,2890772241,812553690.6,429647573.4,507655272.4,269686238.5,170190479.7,79892246.97,34519195.32,99495758.81,8479629.908,43612844.04,2221889.198,1
1.20517E+11,84241647569,15266171406,12212937125,3458228395,26239859749,5589794215,2624037292,6128400803,20650065534,562035640.8,53445436750,2635548233,1
1.60952E+11,1.10252E+11,20138887196,36788379472,5210025667,16691669308,3819795711,1805964492,8926724366,12871873597,3858567354,60494681817,2983166786,2
9928014004,5559687842,4519223253,2440587324,1274130360,4819638146,320714459.5,209323249,122184701,4498923686,1694523826,2182230528,111175378.4,1
13207212765,9621454499,5441574290,4033549491,1397037482,3802414959,203813326.2,95700108.99,26260643.67,3598601632,2458627187,1885260603,96046021.84,2
2592070620,1518636442,1457226057,1518636442,233370172.2,1343835424,62293115.55,76515433.18,320074105.6,1099759428,752761063.9,411913920,16692167.99,3
2150872728,1416575806,536691103.4,1162036654,61687586.25,627760515.4,33283878.9,22864198.69,125477228.2,527979422.2,87830967.22,741925347,30065365.43,5
1673787557,1098129248,425945320.1,735980048,64087620.67,255843840.1,13934826.19,10278239.39,97338136.78,214458748.3,102254315.5,448867456,18189652.3,3
3215324778,2202497473,565975790.1,533522193.9,294768213.9,464513447.9,178157802.4,96789685.87,0,286355645.5,50361223.21,758559633,38645392.02,1
12209007937,6837044445,4937691715,3896105039,1917130943,18970971258,1381000155,1006419202,141542488,17589971103,2351798713,1779232302,87739063.15,1
2.34535E+11,1.60657E+11,77776721098,70477726492,8021233504,2.09078E+11,43970705008,20915552462,7877770256,1.65107E+11,41360846108,44219028560,2180567504,2
9502055873,6508908273,425932216.5,1606418003,342579978.2,982398197.1,632517797.1,286527677.6,14993433.58,349880400,14425239.63,1073394495,52932170.42,1
3797474000,2601269690,406693333.3,615557333.3,389881333.3,518780000,325850666.7,198187270.7,2638000,192929333.3,4994666.667,433333333.3,22076493.15,2
1.0453E+11,58536751402,12179982357,25096780359,3662026072,31450749315,7017321386,3454694730,4936040203,24433427929,2173092405,42462027844,2093924744,1
3945660777,1939077490,438703363.7,1884845546,691777705,4757014954,1249161247,249030815.1,614140300.2,3481969460,524868627.9,742716273.6,30097416.49,5
9379801364,6425163934,633125087.3,1574988652,568868700.6,654283727.3,427681956.9,195682782.4,10955275.6,226601770.5,13796233.76,1073394495,52932170.42,1
54467154972,38072541326,20630544714,16504435771,12554731083,14519436975,7391271431,2876173639,2027861128,7128165545,849085412.8,1301284404,64170077.37,1
1.43946E+11,80609994059,48722268914,46345567592,5893860028,32493507541,3613334259,1371886915,4303519387,28880173282,9379438027,26488160659,1306207401,1
11540692139,8493949415,8518560298,6153773250,4080368153,8083174305,1282876253,340139473.8,1128590266,6800298052,1819135883,893276503.5,45508644.49,2
3059576460,2138643945,650042952.4,520034362,406124217.9,215748990.8,136152383.8,63913797.58,27615356.26,79596607.05,15619060.8,34890275.23,1777511.359,1
8638036883,6357595146,1578856183,2568571372,413509545.7,2366210901,1060503759,276894887.3,1052500231,1305707142,33254964.77,3179477716,161980887.7,2
7151672648,4004936683,517720441,2126599084,508072181,809355170,525058478,322980946,0,284296692,23766880,1100000000,54244164.38,1
1692408119,1129181445,437280958.8,865576245.4,54230160.06,1040851766,42667803.67,13596296.34,99251594.37,887920489.7,126796317.6,472847209.6,19161394.35,3
6196398007,4331282207,1263397872,1010718297,63741798.17,6378992587,1609305028,826743633,86014238.53,4769687560,148100054.8,1125075963,57317842.61,1
11329693047,7919455440,1686761167,1349408933,472653881.6,878419677.6,128498371.3,28167160.66,631608086.8,749921306.3,137032114.4,6048543719,308147616.9,1
2130249573,1459220957,1143625106,1000491477,313052544.7,660021890,60041716.67,40904528,277979324.7,599980173.3,246142820.7,13169760,670943.3456,1
13618431350,9328625475,1399701254,2666642742,313048344.7,2700068456,2132295972,119092505.8,597786812.4,567772484.7,231419477.4,6779466667,345385037.2,2
11397857378,6382800132,1344044209,1412207012,194412119,2163202429,1355818735,1160448671,832137251,807383694,15911594,960673031,47373550.74,1
23162011615,16190246119,6693276363,5354621090,2159765032,20019613752,3103225919,1727683339,12280738.13,16916387833,295977378.8,5659462710,288325591.7,2
6120897552,4278507389,1250760166,1000608133,726194378,180297354.7,130412560.3,64859497.1,49532672.15,49884794.42,25936416.4,68459449.54,3375932.395,1
3413568665,2338294535,1594928739,1552582376,292652550.8,336835315.6,33021155.23,25741343.12,419879736.9,303814160.4,97614829.72,1124751.193,57301.29693,1
3090376155,2160172932,753239939.4,602591951.6,483634141.4,350560272.9,209441319.2,98501699.89,22955322.06,141118953.7,50731108,34890275.23,1777511.359,2
4905447709,2201867294,3603078701,1926997710,463476656,5629650361,79911462,54535101,643280251,4743329374,1297685077,257512975,10435310.95,5
7119004368,4271402621,3538075108,3034996308,803763888,4122518873,354843221.5,153803350,173141933.5,3767675652,1509150061,1073946797,54713028.69,1
4689900682,3212581967,316562543.7,787494325.9,284434350.3,327141863.7,213840978.4,97841391.19,5477637.798,113300885.2,6898116.881,536697247.7,27342445.65,2
7308603375,5108713759,3261594527,2609275622,1266361724,12531283767,912220285.9,664790665.5,93495955.38,11619063481,935624928.4,1175272713,59875153.86,1
8442617312,5783192859,1563450208,838193586.6,907742972.5,225371693.4,163015700.4,81074371.38,61915840.18,62355993.03,17239068.99,85574311.93,4219915.494,1
2037590939,1253654108,1164432219,1253654108,199835005.4,284679505.9,10320575.14,12716138.23,235769319.9,235123294.3,195323431.6,341224000,13827569.44,3
603585986,477377663,152790413,477377663,1420937,99675604,-18173769,-17696735,39832034,108646187,29792927,107486355,4355716.589,3
4337541014,1842939672,2726661496,1807093458,753214392,2663060794,669078311.6,164243142,702239569.9,1980207092,551140148.2,541800000,21955598.44,3
43567914241,30453972054,12372998149,9898398519,3691822481,24745833455,3183510125,1730305449,7258601.394,21562323330,728507200,10433407776,514501351.4,2
5628411542,4142510895,1042300138,558795724.4,605161981.7,150247795.6,108677133.6,54049580.92,41277226.79,41570662.02,11492712.66,57049541.28,2906431.863,2
3195374359,2108947077,1715437659,1500737215,469578817,990032835,90062575,61356792,416968987,899970260,369214231,19754640,974158.1268,1
18243177945,12496576892,7813032278,5684940935,2053467509,13149849048,871994095.6,575061925,39803446.24,12277854953,3159766049,3567578350,181752967,1
6215055317,4344323666,1489600073,1191680059,176839266.1,12892107963,2605926385,1214182239,72877871.56,10286181578,147685692.4,883078678.9,44989108.63,1
12352562124,8461505055,3240470739,2858546484,1376476857,911080029.4,401456615.8,327281731.4,178702462,509623413.6,98050261.65,1863612706,94943153.38,1
1.07301E+11,73501242879,13425924797,24525586314,3473350444,11127779539,2546530474,1203976328,5951149578,8581249065,2572378236,40329787878,2054631429,1
5730439743,4005577380,807785587.2,646228469.7,328918739.4,1770795851,1076913849,917641035.1,332249577,693882001.3,93494113.6,1433067.523,73008.70466,1
6641746741,4549596517,1415699786,2009769938,421057864.4,486911861.8,235894566.9,59254733.39,893472399.9,251017295,19266664.13,2344392661,119436850.4,2
1.10821E+11,75912095880,12721809505,28270575510,2881856996,21866549791,4658161846,2186697743,5107000669,17208387945,2489501674,44537863959,2269015035,1
23512308004,16105930983,11685385676,10023841017,2654633025,13615658663,1171959264,507974367,571844918,12443699399,4984348825,3546980245,174911799.5,1
1.72618E+11,1.18243E+11,20113732333,41444224446,6047382504,51937017217,11588237151,5705000472,8151259051,40348780066,3588592962,70120779926,3457857375,1
16866864516,11553802193,1733574948,3302722662,387720426.9,3344121483,2640917029,147499892.5,740378162.2,703204453.9,286620453.7,8396587156,427770458.9,1
67108016634,45968991394,7703762423,17119404059,1745124514,13241410707,2820775785,1324166967,3092572627,10420634922,1507531569,26970150953,1374014660,1
4221308656,2891596430,781725103.8,419096793.3,453871486.2,112685846.7,81507850.18,40537185.69,30957920.09,31177996.51,8619534.495,42787155.96,2179823.897,1
97966355105,67106953247,33562703307,34654471855,2996164632,75487200191,13078637161,6063326778,3301949893,62408563030,19238500371,20380668053,1038308489,1
1.56795E+11,1.07404E+11,19920838868,36196309696,4709052624,66464216514,14653816192,7864885372,8099822662,51810400323,3816919430,58529944683,2886279946,1
30150758521,20653269587,8813848368,7120417943,3125090232,6848378856,360141215.8,203948766.3,6202089.083,6488237640,4260027903,6230558275,317420485.6,2
4646958549,3183166606,406119292,624124441.3,387309662.7,1025344739,710113485.3,439498903.3,0,315231253.3,19104890.33,233333333.3,11887342.47,1
56838100787,40355051559,7968335547,6374668438,1883621050,26585686606,5861526477,3145954149,3239929065,20724160129,196364637.6,23411977873,1192740852,2
11429986789,7829540950,2482666789,1486642569,294732110.1,21486846606,4343210642,2023637064,121463119.3,17143635963,874082201.8,1471797798,74981847.72,1
9218492851,6314667603,2007526068,2157910531,1584510102,518423632.3,282029758.9,530137771.4,33876453.58,236393873.4,33387493.21,1780975416,90733134.39,2
47473969240,28484381544,6031587324,10959438214,1425796489,20123887778,4436849903,2381312516,2452446306,15687037876,1155678383,17721566585,902838561.5,1
22128333335,15157908334,10696376360,8266334534,2684187398,21124434319,1748089721,794951270.1,215512010.1,19376344599,3748115077,3683573301,181647596.1,2
20161664483,13810740171,8153986318,6433934927,3165904310,31328209417,2280550715,1661976664,233739888.4,29047658702,3883704297,2938181783,144890196,1
2591988523,1527513561,1456581649,1527513561,280332817.3,961080936.6,18811894.39,34153002.59,294985642.5,791314549.6,730787205.4,859467920,34828594.54,3
2877011362,1726206817,128962810,486387673,103725604.5,297448343,191512333,86754213.5,4539678.5,105936010,4367642,325000000,16557369.86,1
3400177994,2376724418,253250034.9,202600027.9,227547480.2,261713490.9,171072782.8,78273112.95,4382110.239,90640708.18,9333628.4,429357798.2,21873956.52,2
1.75935E+11,1.22979E+11,66509577195,53207661756,5937353766,1.49589E+11,25917299329,12015399854,6543313549,1.23672E+11,9161901350,40387378893,1991617836,1
7598571585,5205021536,896029472.7,941471341.3,129608079.3,1442134953,903879156.7,773632447.3,554758167.3,538255796,10607729.33,640448687.3,32628140.91,1
38586848019,26431990893,10966560281,10238902894,6085208349,7434283889,3818062420,1698791516,1638790447,3616221469,561388238.3,2542077136,129508035,1
3830430000,2922618090,381434000,634628666.7,358190000,132311333.3,86436000,40241333.33,3326000,45875333.33,5434666.667,433333333.3,22076493.15,2
8855662321,6517767468,1887599715,2679693251,561410485.9,649215815.8,314526089.2,79006311.19,1191296533,334689726.6,25688885.5,3125856881,159249133.9,2
4714252663,3295262611,381114768.2,304891814.6,363529453.9,270044758.9,188797979.2,115397855.3,0,81246779.67,5697468.4,759633027.5,38700076.91,2
16043041668,11214086126,8557101088,6845680870,2147349918,16899547455,1398471777,635961016.1,172409608.1,15501075679,156683508.8,2946858641,145318076.9,1
73474766329,50330214935,25172027480,25990853891,2247123474,56615400144,9808977871,4547495084,2476462420,46806422273,14428875278,15285501040,778731366.9,2
3441644965,2357526801,760214383.3,349948526,488112235.3,353806201.3,211380590.7,99413752.67,23167871.33,142425610.7,8931814,35213333.33,1793969.797,1
7997701063,6278195335,3295175542,2442538303,845983808.7,2302573503,123420292,57951732.67,15902278.67,2179153211,1488835352,1141630032,58161202.11,2
4132020096,2830433766,683077976.4,368039578.6,398694940.2,517276755.4,335147037.5,139521240.8,37088730.83,182129717.9,10505732.2,43612844.04,2221889.198,2
1935837752,1308956062,423985963,927956062,90284506,987713383,34887109,27164514,110647157,841986393,242887342,727000000,29460539.06,5
11668526333,8156299907,9280909739,7424727791,4632267580,11627085681,1743217376,520361465,778174025,9883868305,171325040,1421309778,70088873.83,1
629929733.1,215690064.7,379638744,215566884.7,53786277.65,167355369.2,14390212.8,1227463.243,31490612.24,218135622.1,21835622.07,54302463.44,2200522.483,5
2.35052E+11,1.6101E+11,78525598399,84671631608,7432772577,1.17461E+11,17562640721,7247171708,8579870694,99898628658,44060262232,45005484285,2219349898,2
3336223633,2502167725,551522218,297157882,321909248,417653084,270600200.7,112650483.3,29945716,147052883.3,8482406,35213333.33,1793969.797,2
7182544859,4022225121,407564058,1952429309,390782984,1211402015,814903922,524056846,0,396498093,26039890,1235000000,60901402.74,1
6478527662,4437791448,1184142138,1926428529,310132159.3,1774658176,795377818.9,207671165.5,789375173.1,979280356.8,24941223.58,2384608287,121485665.8,2
3412787052,1464389691,1886348570,1419981415,440029116,3230364205,844212455,192360040,581139536,2368306578,419906867,357500000,14487128.91,3
7381843359,5056562701,1892162579,1256272015,697371145.3,9701713683,2312359636,1128859352,98999346,7389354047,493295631.3,1091483238,55606435.91,1
43718599855,30559301299,14102157389,11281725911,5000144371,10957406169,576225945.2,326318026.1,9923342.532,10381180224,670598928.8,9968893240,491594803.3,2
1362362739,933218476.4,170139492,317090444,73797225.33,376693987.3,142802348.7,82738958.67,0,233891638.7,24169428.67,687133333.3,35006525.37,1
559295731,471456878,145175207,471456878,686855,124655348,-56448367,-55450111,34587337,136267116,26501948,127444512,5164489.717,3
897209695.6,263551977.4,738137539.4,263362977.4,109044365.2,1319306433,73487056.86,7206935.4,38530128.42,265971220.2,200971220.2,57519000,2330867.602,3
30329092679,20775428485,10410784138,9115947895,6335489297,7326938103,3729854565,1451402438,1023318810,3597083539,458172199.3,656666666.7,33454378.08,1
11384347047,7798277727,1464642788,965063957.1,472560269.7,734929347.5,464486062,385089122.2,757953565.9,270443285.5,15898335.41,552847161.5,28165215.17,1
11768025669,8225849942,1446356840,1157085472,376720493.6,1715854404,691102620.8,60507899.95,590614723.5,1024751783,203550421.6,6505133945,331408950,2
19658464335,11008740028,2189623549,1556998995,570312969,25976129175,21851157725,91602237.43,894125067.5,4124971450,286903171.5,9848050000,485635675.5,1
11395674495,7806037029,2105663119,1700816147,106236330.3,10631654312,2682175046,1377906055,143357064.2,7949479266,1002532844,1875126606,95529737.68,1
4767781765,3265930509,345146960.7,1417732723,338714787.3,539570113.3,350038985.3,215320630.7,0,189531128,15844580.67,733333333.3,37360219.18,1
13105642890,8977365380,1459749033,2371332663,380208646.3,1731741945,1456743848,61068158.29,596083378.3,274998096.7,191268781,6565366667,334477551.3,1
760751744,259325855,585823444,259195501,101004626,778923606,42059626,4388501,113700668,197429839,197429839,51500000,2086957.031,4
3003621630,1423148759,1777090810,1399562026,538866204,938488713.7,233407694.4,54610846.21,482623585.8,700260571.9,337568244.2,553078200,22412629.87,4
4021946638,2413167983,857284870.5,1217027352,254973929,294852183,142847265.5,35882033,541047175.5,152004917.5,11667035.5,1419660000,72325648.31,2
1.61779E+11,1.13084E+11,55424647662,57227568200,4947794805,1.24658E+11,21597749441,10012833211,5452761291,1.0306E+11,31770000612,33656149078,1714637872,1
8264040193,5660867532,1366155953,736079157.2,797389880.4,1034553511,670294075,279042481.7,74177461.65,364259435.8,21011464.4,87225688.07,4301349.602,1
2839995413,1703997248,191696207,476871564,172240801,198102573,129492592.5,59248398,3317014,68609980.5,4177193,325000000,16557369.86,1
6921492000,4741222020,1503392667,900244666.7,178476666.7,13011479333,2630055333,1225424667,73552666.67,10381424000,529305333.3,891255333.3,45405674.45,1
3911932377,2405629179,2220985814,2405629179,433120627.8,1003799387,14537499.48,37834428.24,443013015.1,834757079.9,182973355.4,573300000,23232086.72,4
6190238707,4326976856,878785673,703028538.4,283536161.8,440957608.5,278691637.2,231053473.3,454772139.5,162265971.3,13734787.6,331708296.9,16899129.1,1
23366480189,16006038929,6640861504,6200224531,3684931723,4501871911,2312048910,1028712641,992378659.5,2189823001,339951766.5,1539368933,78424310.06,1
22746819510,15581571364,7808088104,6836960922,4751616973,5495203578,2797390924,1088551829,767489107.5,2697812654,343629149.5,492500000,25090783.56,1
18739954721,12368370116,8278497074,3872060402,2469578638,19885213367,5928817984,902867038,107470123,13956395383,3463887837,4404660440,217206477.2,1
22012583912,15386796155,8159588382,6527670705,3264385133,26914811181,5454041238,3187083541,74383941.8,21460769944,925359088.4,4575115764,233082719.6,1
1.42337E+11,79708677581,47551612364,51273376918,4500956727,71129324235,10635154659,4388565090,5195588365,60494169576,26680936574,27253321039,1343939660,1
18257959327,10954775596,5337274845,4311808644,1892415752,4147073863,218085514,123502308.5,3755709.5,3928988349,2579683564,3772949178,192215738.5,1
4300111686,1845131011,2445193532,1789176583,554436686.2,4070258898,1063707693,242373650.4,732235815.4,2984066288,529082652.4,450450000,18253782.42,3
3374659997,2311642098,421446448.1,785453393.4,182800466.4,933095198,353730588.4,204949714.1,0,579364609.5,59869226.97,1702073394,83934135.46,1
12550502702,8772801388,10222272358,8177817886,4896441784,9699809166,1539451503,408167368.5,1354308319,8160357662,129825819.2,1071931804,52860040.9,1
3517843331,2409722682,1888555221,1652187760,516967505,1089944406,99151458.72,67548761.83,459048426.1,990792946.8,406474382.8,21748227.52,1107979.837,1
16231759543,11118755287,1807946050,2936971647,470900617,2144818005,1804224033,75634874.94,738268404.3,340593972.4,236892527,8131417431,414261187.4,1
9488221101,6499431454,944836513.8,1572015963,887259633,327743669.7,214107522.9,99680366.97,8238715.596,113636146.8,13462018.35,1073394495,52932170.42,1
5134768629,3080861177,3762522935,2738604549,1825993728,1257433772,205993012.5,49912837.5,482825587,1051440760,746265053,507211600,25840277.11,1
6522570031,4559276451,1059514894,847611914.9,279356145,928794851,584535737.4,493046558.8,494014503.6,344259113.6,97012042.4,382322880,19477727.17,1
4662220928,3258892428,905561264.1,724449011.3,471629142.2,743221516.6,285052483.8,154863497.4,0,458169032.8,114640097.6,1213695413,59850812.26,1
9406586972,6443512076,1007405505,1524775046,965761100.9,1285051376,807153027.5,490922597.1,6534495.413,477898348.6,12372110.09,1073394495,52932170.42,1
48732575875,29239545525,6097607512,11138703785,1577479994,5053866541,1156549257,546805915.5,2702813767,3897317284,1168288449,18316445328,933145107.3,1
8043893275,4504580234,1714569741,2434054703,509947858,589704366,285694531,71764066,1082094351,304009835,23334071,2839320000,140015037.1,1
1.70413E+11,1.19118E+11,62820478719,50256382976,5946218061,93969015503,14050112577,5797737367,6863896556,79918902926,911701612.8,36004387428,1775479918,1
4941648795,2170802659,4444692902,1938119642,323508832.3,3054548200,50592735.76,36116168.12,569741133.2,2564138753,1372037793,214736859.6,8701875.71,3
1270296733,858936967.9,357971585.6,608924767.9,59244692.84,648137521.9,22892920.93,17825354.09,72606664.42,552511471.1,93762673.82,477057400,19332005.73,5
2502283342,1229736051,278219588.9,1195342905,438715826.3,3016832909,792200738.2,157931889.1,389479260.9,2208216740,332864404.4,471020360,19087364.12,5
14729677007,10531719060,6308300135,4590063421,1657984877,10617285528,704054492,464309258,32137597.33,9913231036,2551218513,2880489187,146748691.8,2
23723630692,16250687024,7892711635,7538440256,4881494378,1328880085,686885340,287574405,857601878,641994745,326545105,591000000,30108940.27,1
11886291995,8308518105,5970349985,4776279988,1683254788,6367228376,423696166.7,276537136.3,161418320.6,5943532209,549806639.2,2882946752,146873894.4,1
2131753275,1460250994,962989084.7,1026172466,154659051.3,423487358.7,37089642,27013678.67,211496738,386397716.7,232638190,3907540,199072.5693,2
35130143218,24555970109,14378420799,11502736640,7733914625,6148280786,3664205277,1576683993,1499102847,2484075509,222083191.2,1270297070,62642002.81,1
5191119000,2907026640,1127544500,675183500,133857500,9758609500,1972541500,919068500,55164500,7786068000,396979000,668441500,34054255.84,1
6502417466,4454155964,476393460.3,1372463624,454411817.3,337555948.6,235997474,144247319.2,0,101558474.6,17562510.74,949541284.4,48375096.14,1
7907388836,5416561352,448694375.8,2149463459,430219798.9,1333653594,897141932.5,576943316.7,0,436511662,28667761.88,1359633028,69267528.97,1
11047257756,6186464343,4731225102,3442547566,1243488658,7962964146,528040869,348231943.5,24103198,7434923277,1913413885,2160366890,110061518.9,1
15808109636,10828555101,2019463968,758717767.2,822296848.6,4426989627,2692284624,2294102588,830623942.6,1734705003,23521658.53,3582668.807,176671.7052,1
17046423303,11915449889,9348308541,7478646833,2123706420,10892526930,937567410.9,406379493.6,457475934.4,9954959520,156521600,2837584196,139929439.6,1
18385989628,11031593777,6176355095,4957703208,2470958191,20373016797,4128406215,2412445181,56304511.5,16244610583,3008044097,3463108461,176430669.7,1
94891282835,65000528742,31701074909,34182251279,3000637818,47419549490,7090103106,2925710060,3463725577,40329446384,17787291049,18168880693,925627315.8,1
1758921666,1229486244,944277610.5,826093879.8,258483752.5,544972202.8,49575729.36,33774380.92,229524213,495396473.4,203237191.4,10874113.76,553989.9184,1
19810819148,13570411116,8162361434,6050324236,2095556223,5703622438,305719989.4,143550163.5,39390965.5,5397902448,3687940780,2827890905,139451435.6,1
60093674815,41164167248,15466247686,15891959594,4614778101,30932291819,3979387656,2162881812,9073251.743,26952904163,8958132360,13041759721,643126689.2,1
6654791772,4651699449,1943535776,1554828621,870638933.1,321427487.6,164131346.6,113153053.2,94583841.03,157296140.9,63746850.8,1105524351,56321770.98,1
29342418473,16431754345,10883665744,8576535402,5854143709,4653906984,2773599828,1193462189,1134737572,1880307156,257587505,961544310,47416516.01,1
1.15079E+11,78828980426,13409154888,27629482964,4031588336,34624678145,7725491434,3803333648,5434172701,26899186711,2392395308,46747186617,2381570643,1
40482912942,29795423926,13599313970,10916043760,5440641888,44858018636,9090068729,5311805902,123973236.3,35767949906,6623216360,7625192941,388471199.4,2
2872822500,1723693500,286075500,475971500,268642500,99233500,64827000,30181000,2494500,34406500,4076000,325000000,16557369.86,2
3638695205,1905670249,311692410,1758237146,451557436.5,6669244274,101935955.9,67195320.31,274438414.9,5594227132,1373082293,168947204.2,6846321.47,5
16181782367,11084520921,11680435339,8286057659,6029821123,8075173621,1300633988,371269296.3,1539968887,6774539633,2284529251,1329751313,65573862.55,1
2258963820,959791279.8,1420027995,941122799.2,392269273,1386905153,348451736.6,85536785.54,365721909.4,1031279281,287030289.9,282166000,11434336.27,5
94947938479,53170845548,12063174648,21918876427,2851592978,40247775556,8873699805,4762625031,4904892612,31374075751,2311356766,35443133169,1747802856,1
14617206750,10217427518,6523189055,5218551244,2532723448,25062567534,1824440572,1329581331,186991910.8,23238126962,871249856.8,2350545426,115912156.8,1
1.70038E+11,1.18857E+11,62221376879,49777101503,6416986804,1.67262E+11,35176564006,16732441970,6302216205,1.32086E+11,1148794430,35375222848,1744454003,1
1510456998,845855918.9,702116307.5,687297299.5,98157713.5,620685816.5,59663639,37570605,150284446,561022177.5,154174887.5,3618230.5,184333.4789,1
14671209237,10049778327,5441832872,4288267701,2927071855,2326953492,1386799914,596731094.5,567368786,940153578,128793752.5,480772155,24493299.66,1
3197629913,1790672751,1444483627,1539258699,231988577,635231038,55634463,40520518,317245107,579596575,348957285,5861310,289038.0574,1
3923108418,2353865051,717063850,1166559498,187802252,1074654118,481645457,125756428,478010521.5,593008660.5,15103296.5,1444012796,73566319.85,1
5004335450,2802427852,827283327,445736823,482863872,626479626,405900301,168975725,44918574,220579325,12723609,52820000,2604706.148,1
42596802971,31351246987,11155460605,11270442402,3599608387,33366022920,5172043199,2879472231,20467896.88,28193979721,5842009034,9432437849,480542652.9,2
9829232168,5504370014,1094811775,778499497.5,285156484.5,12988064588,10925578863,45801118.72,447062533.7,2062485725,143451585.8,4924025000,250858163.5,1
2446628497,1710193320,337157158.5,269725726.8,146240373.1,746476158.4,282984470.8,163959771.3,0,463491687.6,98473924,1361658716,67147308.37,1
5333196695,3999897522,1226930664,2225911039,322912439.3,1188372693,569029575.3,146200657.3,813825989.3,619343118,17770866.67,958426666.7,48827768.64,2
9411074899,6446586306,1109761273,1166042487,160523768,1786130446,1119483359,958168627.4,687085803.6,666647086.8,13138013.39,793216264.1,40411000.2,1
5362595517,4021946638,1143046494,1622703135,339965238.7,393136244,190463020.7,47842710.67,721396234,202673223.3,15556047.33,1892880000,96434197.74,2
712071187,209168236,402844583,209018236,86543147,1047068598,58323061,5719790,30579467,211088270,91088270,45650000,1849894.922,4
5834263167,4259012112,4640454869,3712363895,2316133790,5813542840,871608687.9,260180732.5,389087012.5,4941934152,910662520,710654888.8,36204848.74,2
4751027936,3254454136,212966108.3,803209001.3,171289989.1,491199098.5,316258898.5,143263838.8,7496716.789,174940200,7212619.817,536697247.7,27342445.65,1
7846216835,4393881428,1434127700,2333118996,375604504,2149308235,963290914,251512856,956021043,1186017321,30206593,2888025592,142416850,1
69574102015,49389959279,25985210087,20788168070,3143392015,17329870689,1927111605,731673021.3,2295210340,15402759084,2791658280,14127019018,719711627.5,2
1364053654,898372729.5,340362054.4,736947529.5,39121411.66,398117012.5,21108174.39,14500157.7,79575917.89,334837227.1,125461655.7,470518765.3,19067037.78,3
50084740204,35009233403,17192120595,15053858910,10462275903,12099530813,6159392859,2396811366,1689884273,5940137954,756614641.1,1084403670,55245761.97,1
16094519080,11024745570,11601137173,8380898693,5790334475,14533857101,2179021720,650451831.2,972717531.2,12354835381,2533767472,1776637222,87611092.29,1
77173696037,52863981785,21933120562,20477805789,12170416698,14868567778,7636124840,3397583033,3277580894,7232442937,1122776477,5084154272,250714272.8,1
14362843882,10039627874,6529889147,5223911318,1676444979,4562897950,244575991.5,114840130.8,31512772.4,4318321959,95993600,2262312724,111561148.4,1
2995714570,2094004484,546462381.1,437169904.9,318955952.1,413821404.3,268117630,111616992.7,29670984.66,145703774.3,85555134.8,34890275.23,1777511.359,1
9393865110,6566311712,1894627420,1515701936,496211454.8,2839453081,1272604510,332273864.8,1263000277,1566848571,635166400,3815373259,188147031.1,1
38692096032,21667573778,10132876716,10237318515,3269644285,30307470819,4697939239,2615520610,18591673,25609531580,5306491539,8567797713,422502752.3,1
1.66231E+11,1.13868E+11,19082714258,42405863265,4322785493,32799824686,6987242769,3280046615,7660501003,25812581917,3734252511,66806795938,3294435292,1
3813293725,1874026289,2134120253,1821613692,668570293,4597428999,1207255011,240676454,593537429,3365158092,507260598,717800000,29087723.44,3
68645047529,48730432790,25119000295,20095200236,2590561339,67524459492,14200909173,6754948795,2544228023,53323550319,2962001098,14281108483,727561831.4,2
5998275798,3598965479,2471381657,1831903727,634487856.5,1726930127,92565219,43463799.5,11926709,1634364908,1116626514,856222524,43620901.58,1
958547197.4,326750577.3,2376799198,326586331.3,127265828.8,981443743.6,52995128.76,5529511.26,143262841.7,248761597.1,248761597.1,64890000,2629565.859,3
11756154002,8934677042,5842692838,5011920509,1327316512,6807829332,585979631.8,253987183.5,285922459,6221849700,2492174413,1773490123,90351790.49,2
22094515511,14582380237,9462450203,6885095132,2486977316,15925928292,1056081738,696463887,48206396,14869846554,3826827770,4320733780,213067812.2,2
5699298676,3904019593,768252069.9,938822130.8,226636660.7,604906044.8,213377338.9,116111582.8,252298590.3,391528705.9,92817467.34,3001706422,148022778.7,1
78397380396,53702205571,9960419434,18098154848,2354526312,33232108257,7326908096,3932442686,4049911331,25905200161,1908459715,29264972341,1490926065,1
10465513353,5860687478,1843151498,1645817603,264558043,4810493731,1359127808,714000748,130287961,3451365923,838248661,1903029315,93843849.99,1
11861083253,8124842029,673041563.7,3224195189,645329698.3,2000480392,1345712899,865414975,0,654767493,43001650.32,2039449541,100571123.8,1
4815266387,3365871205,1132559829,906047863.1,336846291.5,389529489.5,188715653.5,47403786.72,714777919.9,200813836,126777700.3,1875514128,95549480.33,1
772215470.1,539778613.6,457450042.4,365960033.9,125221017.9,264008756,24016686.67,16361811.2,111191729.9,239992069.3,96679820,5267904,268377.3382,1
2896533213,2024676716,301522524.8,241218019.8,76584335.12,784810344.2,233101034.4,201780013.2,84311558.75,551709309.8,181438970.4,1674759633,82587215.31,1
13237352005,9464706683,6025631003,3254116432,1698840480,6426184194,427619279.3,279097665.3,162912934.7,5998564915,2259365101,2909640703,148233837.8,2
17311038209,11858061173,12777840448,9230659875,6120552230,12124761457,1924314379,510209210.6,1692885399,10200447078,2728703824,1339914755,66075051.13,1
3937575021,2362545013,288482706.5,831102972.5,275171600.5,204408880,142909581.5,87349765.5,0,61499298.5,1063508,575000000,29293808.22,1
20631142812,14132332826,9113941733,4262818791,2718802170,21891978019,6527139065,993982060.2,118315731.7,15364838954,3813454499,4849167457,247044489.6,1
94682824177,64857734561,31398750369,28452119213,3238201674,84405574365,17751136466,8443685994,3180285029,66654437899,16697526762,17851385604,909452289.3,1
3407344410,2555508308,656061868.7,346900633.3,409884627.3,217746666.7,137413054,64505592,27871054,80333612.67,6846516,35213333.33,1793969.797,2
503360802.3,172352436,264346615.4,172254006,42979244.27,133729412.2,11498852.46,980834.6078,25163346.02,174306618.6,174306618.6,43391715.18,1758381.458,5
2596729456,1732548248,2222033428,1328088248,83207503.26,1597020488,65466917.46,20861341.2,152285690.3,1362371916,194548660.7,725508383,29400093.62,4
1209663296,828619357.8,114117900,158174663,28985043.5,297028915,88222266.5,76368130,31909583,208806648.5,22821287,633850000,32291965.81,1
10025110976,7007552572,2409031281,1927225025,1901412123,622108358.8,338435710.7,636165325.7,40651744.29,283672648.1,121905408,2137170499,105390025.3,1
68796180055,48837720259,25360859927,20288687942,2400510254,37935639592,5672082485,2340568048,2770980461,32263557107,2953713849,14535104554,740501852.6,2
60724369414,41596193048,20398970954,16374065639,8160962833,67287027953,13635103094,7967708853,185959854.5,53651924860,9934824541,11437789411,564030299.1,1
1.17526E+11,80505242020,39262799200,42335815804,3716386288,58730634689,8781320361,3623585854,4289935347,49949314329,22030131116,22502742142,1146419153,1
3439480149,2404196624,377934605.5,302347684.4,354903853.2,131097467.9,85643009.17,39872146.79,3295486.239,45454458.72,12082637.2,429357798.2,21873956.52,1
5610121965,3366073179,1471713794,1298256528,625149906,413782180,182328213,148640453,81160701.5,231453967,44531160.5,846390770.5,43120015.49,1
2494332657,1708617870,1159458122,1134986366,162095306.7,1024985752,98527110.28,62043200.92,248176149.4,926458641.7,254600731.7,5975059.541,304403.9101,1
8807113809,6482035763,2026124032,3675816394,533249899.8,1962450319,939681867.5,241432278.2,1343932826,1022768452,29346385.32,1582722936,80633012.43,2
8525175601,5839745286,1883099849,866844972.7,1209085354,876400682.2,523603298,246254249.7,57388305.14,352797384.2,22124676.88,87225688.07,4301349.602,1
15674872003,11419144254,7790257117,6682560678,1769755350,9077105775,781306175.8,338649578,381229945.3,8295799600,3322899217,2364653497,120469054,2
10351071000,7866813960,1912644000,1544908000,96498000,9657086000,2436309000,1251598000,130216000,7220777000,910634000,1703240000,83991664.13,2
1589709962,1074914718,348177272.8,762037518.1,74141636.33,811110230.1,28649293.91,22307498.9,90863445.33,691439225.9,117339085.3,597012400,24192994.68,3
40201011361,29587944362,11751797824,9493890591,4166786976,9131171807,480188287.7,271931688.4,8269452.11,8650983520,5680037204,8307411033,423227314.1,2
3531251716,1515221586,2007992928,1469271810,455303406.7,3342496607,873516757.7,199037241.7,601312051.6,2450515236,434482674.2,369909540,14990006.12,3
8523211652,5957724944,4674154270,3739323416,1061853210,5446263465,468783705.5,203189746.8,228737967.2,4977479760,113260800,1418792098,72281432.39,1
6381792409,4371527800,815265083.3,306297172.7,331964283.3,1787192109,1086885274,926137711.3,335325962,700306834.7,9495780.667,1446336.667,73684.71119,1
6271057982,4295674717,671603669.7,1016516697,643840733.9,856700917.4,538102018.3,327281731.4,4356330.275,318598899.1,8248073.394,715596330.3,36456594.19,2
46324023231,33445944773,13386552726,10709242181,4319530065,40039227504,6206451839,3455366677,24561476.26,33832775665,591954757.6,11318925419,558168773.7,2
786472812,281191641,474996053,281041641,81360769,576390240,40234876,6819896,59302149,236033212,200033212,68540519,2777497.438,4
5683450400,3893163524,1255399899,577896648.4,806056902.4,584267121.5,349068865.3,164169499.8,38258870.09,235198256.1,14749784.59,58150458.72,2962518.931,2
5737582434,3004906849,491484116,2772430774,712026666,10516225360,160735075.8,105955203.1,432741117.3,8821112381,2165109304,266400029.8,10795444.96,3
4873062722,2923837633,3512566533,2537549882,1753184605,4400528956,659759354,196942360,294517252.5,3740769602,767168484.5,537926270,27405059.11,1
1.21334E+11,83114116407,41568485747,42920676150,3710846104,93493321338,16198312081,7509624909,4089570968,77295009257,23827500459,25242111808,1285978404,1
21642346057,14825007049,2410594733,3915962196,627867489.3,2859757340,2405632043,100846499.9,984357872.4,454125297.5,315856702.6,10841889908,552348249.9,1
2549586403,1567859271,1448201469,1567859271,282284650.4,654222267,9474757.598,24658438.47,288731974.6,544049614.3,105823586.9,373646000,15141420.33,3
10595758395,7406435118,2409133235,1927306588,1316607650,245056240.7,95896535.78,105911336.8,97173439.27,149159705,12870555.2,2238535806,110388640.2,1
3782416906,1970931664,2364340244,1789199972,333185634,5562498700,86724815.95,58090300.55,474642988.9,4706309953,1339935875,168973452.2,6847385.129,4
3784563254,1793167436,2208199835,1763448152,678971417.1,1182495779,294093695,68809666.22,608105718.1,882328320.6,425335987.7,696878532,28239913.64,5
1.13676E+11,79459664900,15936671095,12749336876,3767242099,53171373212,11723052953,6291908298,6479858130,41448320258,312729275.2,46823955746,2309023957,1
21859299928,15279650649,7051078694,5640862955,2500072185,5478703084,288112972.6,163159013.1,4961671.266,5190590112,335299464.4,4984446620,253936388.5,1
24514652837,18704680115,8235140126,6610270943,3294610921,27164022396,5504541619,3216593574,75072682,21659480777,4010725463,4617477947,235240892.9,2
75127110307,51462070560,25788180892,22580788365,15693413854,18149296219,9239089289,3595217048,2534826410,8910206931,1134921962,1626605505,80212596.71,1
4425048525,2655029115,911790009,1070506265,498299423,92746980,36294175,40084499,36777447.5,56452805,38772275.5,847223621,43162445.69,1
5447970371,3268782222,801993912.5,662160638.5,211457082,703046102.5,442461079,373208853.5,373941534,260585023.5,7632707,289397180,14743557.37,1
3020913996,1691711838,1404232615,1374594599,196315427,1241371633,119327278,75141210,300568892,1122044355,308349775,7236461,356850.7091,1
645851473.2,230914575.6,390066758.7,230791395.6,66813463.5,473331665.1,33040880.17,5600498.595,48698924.76,193830473.7,93830473.69,56285474.2,2280880.896,3
8850097050,4956054348,1823580018,2141012529,996598846,185493960,72588350,80168998,73554895,112905610,77544551,1694447242,83558067.94,1
3325776876,2278157160,1545944163,1513315155,216127075.6,1366647669,131369480.4,82724267.89,330901532.5,1235278189,339467642.2,7966746.055,405871.8801,1
3485218912,2091131347,304589469,468093331,290482247,769008554,532585114,329624177.5,0,236423440,31432867,175000000,8915506.849,1
3995218225,2736724484,376903156,522411731,95730418.9,981012930.3,291376293,252225016.5,105389448.4,689636637.2,75373057.98,2093449541,103234019.1,2
5545100892,2904099739,4295584570,2679422655,688139952,10163432298,155342816,102400671,418223735,8525186120,2092475301,257462975,10433284.78,5
2638382498,1807292011,1416416416,1239140820,387725628.7,817458304.1,74363594.04,50661571.38,344286319.5,743094710.1,304855787.1,16311170.64,830984.8776,1
1.00662E+11,56370733973,11555643634,25679106088,2617686771,19862116060,4231163677,1986250450,4638858941,15630952383,2261297354,40455226429,1994963593,1
2596077043,1778312774,456973045.3,430769771.3,237998039.3,375051598.7,143845929.3,78148709.33,0,231205669.3,40662024.67,612466666.7,31202575.78,2
6264905929,4379169245,1217494567,973995654,174753936.7,3177573841,897772497,471633521.6,86061772.4,2279801344,123339910,1257046887,64041200.75,1
3408315878,2556236909,631170639.3,338381855.3,366459200,90983387.33,65810042,32730024,24995654,25173345.33,6959476,34546666.67,1760005.962,2
18822149799,12893172612,2219522547,2332084974,321047536,3572260892,2238966718,1916337255,1374171607,1333294174,26276026.79,1586432528,78231551.68,1
5536382520,3100374211,1419121934,942204011,523028359,7276285262,1734269727,846644514,74249509.5,5542015535,369971723.5,818612428.5,41704826.93,1
62574099426,49996705441,8045492933,6436394346,2418953002,20774806887,4635294860,2282000189,3260503620,16139512026,937391938.8,28048311970,1428942386,3
2249773331,1572591558,280964298.7,523635595.6,121866977.6,622063465.3,235820392.3,136633142.8,0,386243073,39912817.98,1134715596,57808940.98,1
39176637840,26835996920,13033835727,12448800422,8061183377,2194480874,1134306066,474893512.8,1416223285,1060174808,539248797.2,975963302.8,49721185.77,1
12548099866,8595448408,1479681698,1554723316,214031690.6,2381507261,1492644479,1277558170,916114404.8,888862782.4,17517351.19,1057621686,53881333.61,1
6334703915,4662342082,283954811,1070945335,228386652.1,654932131.4,421678531.4,191018451.7,9995622.385,233253600,9616826.422,715596330.3,36456594.19,2
8538260285,6164623926,1098482091,723797967.8,354420202.3,551197010.6,348364546.5,288816841.7,568465174.4,202832464.1,11923751.56,414635371.1,21123911.38,2
9490531577,6633881572,2218794954,1775035963,551188992.9,1569349478,730976876.9,169666180.8,1501274835,838372601.4,229522537.2,3652791193,180129641.7,1
5764122075,3003553282,4427674834,2726607699,507750128,8476834349,132162170,88525298,723320617,7172066371,2041962625,257502975,10434905.71,3
40062449877,29485963109,10310831791,10594639730,3076518734,20621527879,2652925104,1441921208,6048834.495,17968602775,5972088240,8694506480,442948183.3,2
1914177540,1338010100,954154322.4,763323457.9,153240161,419602153.5,36749370.06,26765846.75,209556401,382852783.5,36514059.2,3871691.009,197246.2155,2
13309583545,9303398898,3887071551,3109657241,1741277866,642854975.1,328262693.3,226306106.4,189167682.1,314592281.8,27493701.6,2211048702,109033172,1
11510814755,7884908107,1005983567,1545996323,959390907.5,2539844766,1758996707,1088667008,0,780848058.7,47324040.77,577981651.4,28501937.92,1
5012555488,3503776286,1204515641,963612512.6,950706061.4,311054179.4,169217855.3,318082662.8,20325872.15,141836324,60952704,1068585249,54439880.63,1
16958868866,11616825173,12426681253,9044932454,6030804973,4152992274,680343894.5,164849738.5,1594653315,3472648380,2464728615,1675194275,82608648.76,1
14614839165,10011164828,3011416543,3535617020,1645759562,306320300.9,119870669.7,132389171,121466799.1,186449631.2,128055221.8,2798169757,137985800.3,1
44025167825,30773592310,16319176763,13055341411,6528770266,53829622363,10908082475,6374167082,148767883.6,42921539888,910718176.8,9150231529,451224239.3,2
6325480734,4655553820,629891009.2,1048010642,591506422,218495779.8,142738348.6,66453577.98,5492477.064,75757431.19,8974678.899,715596330.3,36456594.19,2
1352360214,902300127.2,1157220901,691659927.2,43333939.4,831718130.5,34094754.95,10864454.04,79309420.64,709514643.6,101319707.3,377840159.5,15311382.09,3
1687329998,1155821049,210723224,392726696.7,91400233.21,466547599,176865294.2,102474857.1,0,289682304.8,29934613.49,851036697.2,43356705.73,1
48455369955,33191928419,17973025999,14163085985,9667393281,7685350983,4580256597,1970854991,1873878559,3105094386,425373861.5,1587871338,78302503.51,2
3156342575,1860099319,1773723391,1860099319,341369724,1170337234,22907811,41589141,359212911,963607586,889901614,1046600000,42411829.69,4
6180752310,4320345865,1506479879,1205183903,967268282.9,701120545.8,418882638.4,197003399.8,45910644.11,282237907.4,96146221,69780550.46,3441079.682,1
13210670713,10766696631,3039186048,5513724591,799874849.7,2943675479,1409522801,362148417.2,2015899240,1534152678,44019577.98,2374084404,117072931.5,2
2067105469,1415967246,965817958.7,940174883.3,177217378,203972496.7,19996144,15587813.33,254260507.3,183976352.7,56833424.67,681099.3333,34699.11869,1
570258557,469679731,128203350,469679731,1191495,121800773,-43803918,-43152280,37097152,133890433,26295749,107444579,4354023.682,3
19346048016,11607628810,5066438358,5118659258,1634822143,15153735410,2348969620,1307760305,9295836.5,12804765790,2653245770,4283898857,218246454.8,1
13441109655,9791848384,5435990879,4289289951,2110602873,20885472945,1520367143,1107984443,155826592.3,19365105801,2589136198,1958787855,99791923.09,2
1.4695E+11,82291738288,50344054960,51981707782,4494246948,1.13231E+11,19617955742,9094990167,4952924839,93612844545,28857750556,30571002079,1507544056,1
13090388382,8966916042,2773493693,3901193009,688986241.1,1961686848,913721096.1,212082726.1,1876593544,1047965752,44056060.18,4565988991,225162052.2,1
6977008902,4779251098,1228767665,1097211735,176372028.7,3206995821,906085205.3,476000498.7,86858640.67,2300910615,558832440.7,1268686210,64634174.83,1
8572490092,5872155713,1862000092,1114981927,221049082.6,16115134954,14829362257,1517727798,91097339.45,1285772697,655561651.4,1103848349,56236385.79,1
5964206280,3107812624,3728148769,2821253705,525375150.4,8771082223,136749783.2,91598188.14,748428522.3,7421023139,2112843232,266441418.3,10797122.16,3
3105137061,1910475630,1762687154,1910475630,304533687,433830396,15727789,19378449,359294910,358310415,107228637,520000000,21072187.5,4
11130834316,7780453187,5272976659,4218381327,1163971980,2887788278,118127375.3,79145341.43,35575980.77,2769660902,206070004,2907172694,148108103.2,1
58344964694,41424924933,8055554878,6444443903,2084010267,6676667723,1527918284,722385796.6,3570689747,5148749439,812130789.2,24197872727,1232778857,2
2663478817,1861771693,251268770.6,348274487.3,63820279.27,654008620.2,194250862,168150011,70259632.29,459757758.2,50248705.32,1395633028,71101576.09,1
5905050810,4044959805,427475593.5,1755907501,419509140.3,668274911,433534523.1,266681515,0,234740387.9,19624021.94,908256880.7,46271831.09,1
1.0453E+11,71602940761,13280559246,24130873131,3139368416,44309477676,9769210794,5243256915,5399881775,34540266882,2544612953,39019963122,1987901420,1
10080832242,7661432504,4076993159,3216967463,1582952155,15664104708,1140275357,830988331.9,116869944.2,14523829351,1941852148,1469090892,74843942.32,2
8090891183,5542260461,5840217670,4143028829,3014910561,4037586810,650316993.9,185634648.2,769984443.6,3387269816,1142264626,664875656.4,33872591.25,1
6430649555,4404994945,1131951580,1067044388,589536427.7,929026895.8,356315604.8,193579371.7,0,572711291,100722446.4,1517119266,74813515.32,1
6800355989,4753448836,506500069.9,405200055.9,455094960.4,523426981.9,342145565.5,156546225.9,8764220.477,181281416.4,18667256.8,858715596.3,42345736.33,1
71973208981,49301648152,24361134457,23172783796,2946930014,16246753771,1806667130,685943457.5,2151759694,14440086641,5189719014,13244080330,674729650.8,1
7673876503,5256605405,670655711.6,1030664215,639593938.3,1693229844,1172664471,725778005.5,0,520565372.5,31549364.51,385321100.9,19630473.8,1
19561612315,13399704436,7255777163,5717690268,3902762473,3102604656,1849066552,795641459.3,756491714.7,1253538104,171725003.3,641029540,32657732.88,1
1856127962,1297433445,956957243.4,765565794.8,175591530.5,202101189.4,19812693.14,15444805.87,251927842.1,182288496.2,29003314.4,674850.7156,34380.77816,1
2560176499,1753720902,1196196554,1164436782,219489413.1,252626486.7,24765866.42,19306007.34,314909802.7,227860620.3,85711122.29,843563.3945,42975.97269,1
5865896108,4282104159,4672174136,3737739309,2411928449,3230069448,520253595.1,148507718.5,615987554.9,2709815853,94175685.6,531900525.1,27098073,2
3575836324,2145501794,258860220.5,1063299542,254036090.5,404677585,262529239,161490473,0,142148346,11188344,550000000,28020164.38,1
10895940741,6101726815,1603987825,1324321277,422914164,1406092205,884922158,746417707,747883068,521170047,15265414,578794360,28542014.92,1
10382238000,7890500880,2255089000,1350367000,267715000,19517219000,3945083000,1838137000,110329000,15572136000,793958000,1336883000,65925546.56,2
2003034552,1354392545,564458237.3,960167272.8,93418461.77,1021998890,36098110.33,28107448.61,114487941.1,871213424.7,147847247.4,752235624,30483173.29,5
2071191998,1220597173,95263970.83,1220597173,224006812.9,767975293,15032105.58,27290794.32,235715512.2,632319297.9,583953439.1,686778920,27830642.64,3
9463115265,5299344548,1276784494,795168364,357772729.5,6649148949,5759745184,21320975.78,478092232.3,889403765,158472125.4,4578411565,233250626.7,1
6716705655,4694977253,1944282443,1555425955,825886114.3,546648017.6,240873969.5,196369038.8,107221477.2,305774048.1,69858727.2,1118167623,56965892.03,2
6819775555,4767023113,805924403.7,644739522.9,772608880.7,1028041101,645722422,392738077.7,5227596.33,382318678.9,45193231.2,858715596.3,42345736.33,1
966526380.5,330941891.7,507584174.6,330752891.7,82526436.72,256780035.5,22079478.96,1883345.94,48317305.68,334694208.2,334694208.2,83318441.22,3376349.645,3
5930541627,4062421014,336520781.8,1612097595,322664849.2,1000240196,672856449.4,432707487.5,0,327383746.5,21500820.66,1019724771,51950646.73,1
736788602,216428883.8,606158547.4,216273677,89547232.72,1083414443,60347571.09,5918335.35,31640941.46,218415566,18415566.03,47234602.8,1914108.474,3
8021520834,5607043063,4278550544,3422840435,1073674959,8449773728,699235888.3,317980508,86204804.04,7750537839,123341754.4,1473429321,75064966.86,1
2826975143,1201128618,1593645181,1177765990,490904491,1735639305,436069134.5,107044816,457681853,1290592114,359203404.5,353116000,14309474.16,4
1.42024E+11,79533572309,47098125554,42678178820,4857302511,1.26608E+11,26626704699,12665528991,4770427544,99981656848,25046290143,26777078406,1320454766,1
1707041848,1124266512,447982728,922251312.5,48958401.79,498222631.3,26415776.91,18146189.43,99585101.76,419031287.5,157008704.1,588829640.5,23861401.13,3
9369977361,5247187322,4139248537,1936030201,1234789319,9942606684,2964408992,451433519,53735061.5,6978197692,1731943919,2202330220,112199372.3,1
16394885510,11230496575,7462937481,4030327691,2104068484,7959035470,529620208.3,345671420.4,201772900.7,7429415261,2798296226,3603683440,183592368,1
1947057782,1168234669,342729784,323077328.5,178498529.5,281288699,107884447,58611532,0,173404252,30496518.5,459350000,23401931.84,1
52235517120,36512626467,17378447636,16598400563,10748244502,2925974499,1512408088,633191350.5,1888297713,1413566411,718998396.3,1301284404,66294914.36,2
8139338625,6389380820,3291794477,2597403359,1278087295,12647314172,920666770,670946134.7,94361658.67,11726647402,1567865809,1186154868,60429553.43,2
11731792216,8200522759,9344348271,7475478617,4823856898,6460138896,1040507190,297015437.1,1231975110,5419631706,128351371.2,1063801050,52459090.04,1
6497416962,4957529142,4683422044,3383399843,2337579473,5867371941,879679138.7,262589813.3,392689670,4987692802,1022891313,717235026.7,36540078.82,2
9577736267,6694837651,2431348839,1945079071,639899879.8,2354940383,1127618241,289718733.8,1612719392,1227322142,277703372.9,1899267523,93658345.2,1
3156442548,1849289384,1774508106,1849289384,284181895,1636428914,75856205,93175150,389763889,1339210214,916659844,501600000,20326556.25,4
2849649338,2151485250,384126035,469411065.4,113318330.4,302453022.4,106688669.4,58055791.38,126149295.1,195764352.9,46408733.67,1500853211,76462097.61,2
24260039092,18510409827,6243781473,6415642947,1863003011,12487480771,1606493535,873163398,3662905.333,10880987236,3616431212,5265006702,268229733.2,2
6888990508,4815404365,340745773.2,272596618.6,274063982.5,785918557.7,506014237.7,229222142.1,11994746.86,279904320,21342713.6,858715596.3,42345736.33,1
5232756677,2930343739,921575749,822908801.5,132279021.5,2405246866,679563904,357000374,65143980.5,1725682962,419124330.5,951514657.5,48475631.12,1
5162467447,2890981770,1140321575,524922789,732168353,530709302,317070886,149120629,34751807,213638416,13397721,52820000,2604706.148,1
5170390951,3102234570,665191933,438299880.5,214621122.5,333780412,210954086.5,174894643,344237244.5,122826325.5,7220494,251084752.5,12791701.89,1
2619182572,1725007070,653544938.3,1415047070,75118833.72,764442907.2,40530782.88,27842424.12,152797404.1,642936461.6,240904733.6,903464864.8,36611501.98,4
2400117528,1137201919,1400409710,1118354361,430594256.1,749922423.2,186510142.6,43638136,385652212.6,559560384,269742184.4,441950700,17909361.57,5
3912472697,2407199294,2235880214,2407199294,383712445.6,546626299,19817014.14,24416845.74,452711586.6,451471122.9,243108082.6,655200000,26550956.25,4
1337480998,877487107.3,349420074.5,588102907.3,51210785.05,204438295,11134964.62,8213079.256,77780425.42,171368522.5,81708818.56,358678549.2,14534887.77,3
5558408454,3335045072,1471148608,1341953057,659025303.5,243302751,124238311,85650575,71594713,119064440,46739923.5,836820515.5,42632451.64,1
9264421593,6346128791,2430353054,2143909863,1032357643,683310022,301092461.8,245461298.5,134026846.5,382217560.2,73537696.24,1397709529,71207365.04,1
1598814957,895336375.6,722241813.5,769629349.5,115994288.5,317615519,27817231.5,20260259,158622553.5,289798287.5,174478642.5,2930655,149304.427,1
6147589964,4487740674,4970672501,3976538001,2412321989,1661196910,272137557.8,65939895.41,637861325.9,1389059352,95089443.6,670077710.1,34137613.79,2
6823029302,4769297482,887809018.8,710247215,128419014.4,1428904357,895586687.3,766534901.9,549668642.9,533317669.4,153363752,634573011.3,32328800.16,1
6119152920,4277287891,1300085905,1040068724,812248435.8,431497981.7,272304767.6,127827595.2,55230712.51,159193214.1,81123812.6,69780550.46,3441079.682,1
9297018701,5206330472,3991350388,1802176531,881062123.5,2185895294,89415860.5,59908626.5,26929041,2096479433,1577276012,2200568220,112109605.9,1
24227684978,16595964210,8986513000,7081542992,4833696640,3842675491,2290128298,985427495.5,936939279.6,1552547193,212686930.7,793935668.8,40447650.82,1
86309102656,65594918019,10056866166,20722112223,3023691252,25968508609,5794118576,2852500236,4075629525,20174390033,1794296481,35060389963,1786177982,2
4287099703,2996682693,754634386.8,711362925.1,393024285.1,619351263.9,237543736.5,129052914.5,0,381807527.3,67148297.61,1011412844,51527189.36,2
71168462126,48750396556,23775806182,25636688459,2250478364,35564662118,5317577330,2194282545,2597794183,30247084788,13340468287,13626660520,694220486.8,1
13045140061,9118552903,2119029787,1695223830,558712290.1,1857589702,1169071475,986093117.5,988029007.3,688518227.2,194024084.8,764645760,37706882.09,2
31631507589,21667582699,10523615513,10051253674,6508659171,1771840113,915847120,383432540,1143469171,855992993.3,435393473.3,788000000,40145253.7,2
3963478705,2219548075,839752257,1181194550,208609723,593955184.5,276654443,64213936.5,568190823,317300741.5,13339196,1382480000,70431485.19,2
2038221575,1337225095,518686459,896225095,78041428,311548758,16968858,12516122,118531584,261152884,124518163,546599435,22150088.04,4
52264956609,31358973965,6089991179,12548390180,1831013036,15725374658,3508660693,1727347365,2468020102,12216713965,1086546203,21231013922,1081630000,1
467261112.9,137256196.5,384417344,137157766.5,56789613.06,687086414,38271592.63,3753326.198,20066246.25,138516122.8,130016122.8,29955530,1213901.048,5
50331012476,30198607485,5777821817,12839553044,1308843386,9931058030,2115581839,993125225,2319429471,7815476192,1130648677,20227613215,1030510995,1
4744110550,3249715727,472418256.9,786007981.7,443629816.5,163871834.9,107053761.5,49840183.49,4119357.798,56818073.39,6731009.174,536697247.7,27342445.65,1
6878960298,4808393248,755869211,604695368.8,709807706.4,262194935.8,171286018.3,79744293.58,6590972.477,90908917.43,24165274.4,858715596.3,42345736.33,1
31947602228,21884107526,8366595454,8452831801,2699706290,25024517190,3879032399,2159604173,15350922.66,21145484791,4381506775,7074328387,360406989.6,2
9746125443,5457830248,7025133066,5075099764,3506369210,8801057911,1319518708,393884720,589034505,7481539203,1534336969,1075852540,53053383.67,1
8562323675,6935482177,683960949.6,547168759.7,671214624.4,1069239858,693655237,426690424.1,0,375584620.6,11552790.4,1453211009,71662015.33,3
47447261384,26570466375,15785423269,15076880511,9762988756,2657760170,1373770680,575148810,1715203756,1283989490,653090210,1182000000,58287820.27,2
30046837408,20582083624,7733123843,7945979797,2307389051,15466145909,1989693828,1081440906,4536625.872,13476452081,4479066180,6520879860,332211137.5,1
5111016615,2862169304,984092803,520350950,614826941,326620000,206119581,96758388,41806581,120500419,10269774,52820000,2604706.148,1
13827739277,9472001405,3011289102,3236865797,2376765154,777635448.4,423044638.3,795206657.1,50814680.37,354590810.1,50081239.82,2671463124,131737531.7,1
10787854911,7939861215,7786956893,5524038439,4019880749,5383449080,867089325.1,247512864.2,1026645925,4516359755,1523019501,886500875.2,45163455,2
17993296637,12325408196,2648787234,2186952568,698390362.6,2321987128,1461339343,1232616397,1235036259,860647784,25208940.55,955807200,47133602.61,1
4899484106,2939690463,3536576256,2508834125,1825695840,2444983124,393803068.5,112412092.5,466268357.5,2051180056,691704690,402619147.5,20511735.81,1
64976767833,44509085966,8130143349,14851605046,2103306658,6738488721,1542065676,729074554,3603751689,5196423045,1557717932,24421927104,1244193476,1
624729332.2,212958392.1,481078212.2,212851345.4,82944998.87,639652065.2,34539364.87,3603837.021,93370988.56,162129383.8,16219383.79,42291800,1713809.114,5
4703293486,3221756038,503702752.3,762387522.9,482880550.5,642525688.1,403576513.8,245461298.5,3267247.706,238949174.3,6186055.046,536697247.7,27342445.65,2
3104708236,1909229507,1763518594,1909229507,343746530,796666180,11537698,30027324,351597631,662505619,859502663,455000000,18438164.06,4
3976991645,2343725142,182920760.8,2343725142,430125852.2,1474624915,28863841.86,52402317.66,452608267.9,1214145558,1121276034,1318716000,53438905.41,4
1.17268E+11,80328386842,38888360549,35238863246,4010616752,1.04539E+11,21985352504,10457776231,3938885128,82553661618,20680423054,22109514280,1126385863,1
12396024934,8863157828,5321800517,2402902041,1174749498,2914527058,119221147.3,79878168.67,35905388,2795305911,2103034682,2934090960,149479474.6,2
1912827311,1337066291,1133133133,906506506,310180503,653966643.3,59490875.23,40529257.1,275429055.6,594475768.1,44964906.4,13048936.51,664787.9021,1
19856028007,13104978485,9038446505,4881174648,2548260720,9639276291,641428919,418646498,244369402,8997847372,3389047652,4364461055,215224129.9,2
5175535500,2898299880,956322000,772454000,48249000,4828543000,1218154500,625799000,65108000,3610388500,455317000,851620000,43386422.53,1
5112473817,2862985338,946755959,507572783,549688800,136475081,98715063,49095036,37493481,37760018,10439214,51820000,2555393.271,1
12295179928,8594330770,9941345003,7953076002,4824643979,3322393820,544275115.6,131879790.8,1275722652,2778118704,20178887.2,1340155420,66086919.01,1
4696932555,3283155856,947313710.1,757850968.1,248105727.4,1419726541,636302255.1,166136932.4,631500138.5,783424285.4,317583200,1907686630,97188532.64,1
3657600621,1733011153,2164017060,1704288877,656193624,1142826003,284227587,66501274,587705292,852728412,411067029,673500000,27292535.16,3
1.56357E+11,1.09294E+11,51851147399,46985150994,5347489003,1.39385E+11,29313803338,13943701641,5251846837,1.10072E+11,27573897405,29479352374,1501847817,1
9798968211,5487422198,7073152511,5017668249,3651391680,4889966248,787606137,224824185,932536715,4102360111,1383409380,805238295,39708616.77,1
71012118133,48643300921,23549062777,21339089410,2428651256,63304180774,13313352350,6332764496,2385213772,49990828424,12523145072,13388539203,682089217,1
13283493482,9099193035,2831399572,4019539877,842115728.8,973823723.7,471789133.8,118509466.8,1786944800,502034589.9,38533328.26,4688785321,231217492.5,1
6253200909,4602355869,422083391.6,1049992434,379245800.4,436189151.6,285121304.6,130455188.3,7303517.064,151067847,9197489.174,715596330.3,36456594.19,2
22489152688,15405069591,2311433264,4403630215,516960569.2,4458828644,3521222706,196666523.4,987170882.9,937605937.8,382160605,11195449541,570360611.8,1
11220243929,6283336600,2943427588,2596513056,1250299812,827564360,364656426,297280906,162321403,462907934,89062321,1692781541,83475927.43,1
11521666077,7892341263,2029157612,1811909288,291256561.1,5295956401,1496287495,786055869.4,143436287.3,3799668906,922842562.6,2095078145,106735334.6,1
9492005824,7451224572,4717433477,4046661744,1071685184,5496691831,473124295.3,205071133.3,230855911.3,5023567535,2012200081,1431929062,72950704.91,2
36390058638,20378432837,9365672210,9623464421,2794504517,18731221157,2409740303,1309745097,5494358,16321480854,5424646818,7897510053,389448939.6,1
36771979256,20592308383,12352710189,9915406415,4941916382,40746033594,8256812429,4824890361,112609023,32489221165,6016088194,6926216921,341551681.1,1
2043544109,1144384701,255209238,475635666,110695838,565040981,214203523,124108438,0,350837458,36254143,1030700000,50826782.03,1
7307419583,5005582414,1505708272,1767808510,822879781.1,153160150.5,59935334.86,66194585.5,60733399.54,93224815.6,64027610.92,1399084879,71277433.25,2
6846358172,5223771285,5016697247,3651472731,2434658304,1676578363,274657350,66550450,643767449.3,1401921013,995020070.7,676282133.3,34453702.81,2
7181421941,5019813937,3264944574,2611955659,838222489.3,2281448975,122287995.7,57420065.39,15756386.2,2159160979,92996800,1131156362,57627613.1,1
5509360128,4054889055,910770635.2,490719438.2,531593253.6,689702340.6,446862716.7,186028321.1,49451641.1,242839623.9,14007642.94,58150458.72,2962518.931,2
2640244882,1808567744,1192692903,1270947550,191550201.2,524502691.9,45936712.57,33457308.44,261945501.2,478565979.4,288129868.3,4839613.761,246557.7694,1
60258689248,42120823784,7633085703,6106468563,1729114197,13119929874,2794897108,1312018646,3064200401,10325032767,931017820.4,26722718375,1361409021,2
11218183904,7841510549,5468365040,4374692032,1631281302,13135186811,3916283439,596389236.1,70989439.05,9218903372,1086200445,2909500474,148226693.7,1
8047259540,5512372785,5800568587,4190449346,2895167238,7266928550,1089510860,325225915.6,486358765.6,6177417691,1266883736,888318611,45256060.92,2
4786344307,2871806584,611448812.5,229722879.5,248973212.5,1340394082,815163955.5,694603283.5,251494471.5,525230126,7121835.5,1084752.5,55263.53339,1
8373464340,4689140030,1823502845,1960102066,1439263343,470901466,256177031,481541809,30771112,214724435,30326973,1617719336,79774394.17,1
6988530240,5332248573,5158461514,3726451579,2470889604,4894811107,776852842,205973348,683424105.3,4117958265,1101587840,540928549.3,27558012.49,2
1.25148E+11,87478590997,16090985866,12872788693,4837906003,41549613774,9270589721,4564000377,6521007241,32279024053,974783877.6,56096623941,2766285900,1
21859847347,14973995433,9950583308,5373770255,2805424646,10612047293,706160277.8,460895227.2,269030534.3,9905887015,3731061635,4804911253,244789823.9,1
3133925130,1376692940,2818762595,1229128597,205164814.7,1937152105,32085211.35,22904372.93,361321925,1626141235,870127339.4,136183138.2,5518608.889,4
8933290124,7012632747,4318166753,3337149867,1083616394,8528012373,705710294.7,320924772,87002996.67,7822302079,1513127939,1487072185,75760012.84,2
9743226110,6674109885,2007611029,2357078014,1097173041,204213533.9,79913779.82,88259447.34,80977866.06,124299754.1,85370147.89,1865446505,95036577.67,1
21783957120,15226986027,6186499074,4949199260,1845911241,12372916728,1591755063,865152724.6,3629300.697,10781161665,364253600,5216703888,265768910,1
